"tweet_id","in_reply_to_status_id","in_reply_to_user_id","timestamp","source","text","retweeted_status_id","retweeted_status_user_id","retweeted_status_timestamp","expanded_urls"
"856442030670704640","","","2017-04-24 09:37:46 +0000","<a href=""http://job.francesurf.net/"" rel=""nofollow"">la recherche d'emploi par km</a>","Un annuaire pour trouver des sites pr√®s de chez soi https://t.co/q00ZHeHiQ4","","","","http://www.francesurf.net"
"855135181396750338","","","2017-04-20 19:04:49 +0000","<a href=""https://ifttt.com"" rel=""nofollow"">IFTTT</a>","#new  https://t.co/w0j1ttoawz https://t.co/sufK1jVNva","","","","http://ift.tt/2oqXG6a,https://twitter.com/taggaddaaaa/status/855135181396750338/photo/1"
"855135176288022531","","","2017-04-20 19:04:48 +0000","<a href=""https://ifttt.com"" rel=""nofollow"">IFTTT</a>","#new  https://t.co/F50367dlxP https://t.co/JTzqAXZj8v","","","","http://ift.tt/2o8Qnnu,https://twitter.com/taggaddaaaa/status/855135176288022531/photo/1"
"855135170055327744","","","2017-04-20 19:04:46 +0000","<a href=""https://ifttt.com"" rel=""nofollow"">IFTTT</a>","#new  https://t.co/XLZhCbR7OP https://t.co/vAmlYYBFcb","","","","http://ift.tt/2oricUc,https://twitter.com/taggaddaaaa/status/855135170055327744/photo/1"
"855135163927461892","","","2017-04-20 19:04:45 +0000","<a href=""https://ifttt.com"" rel=""nofollow"">IFTTT</a>","#new  https://t.co/RApoptUzjS https://t.co/KetljtKiaN","","","","http://ift.tt/2o8QkIk,https://twitter.com/taggaddaaaa/status/855135163927461892/photo/1"
"855118853508083712","","","2017-04-20 17:59:56 +0000","<a href=""https://ifttt.com"" rel=""nofollow"">IFTTT</a>","#new  https://t.co/YYFUNV4Q11 https://t.co/J0N5AJoEEz","","","","http://ift.tt/2oZRiWw,https://twitter.com/taggaddaaaa/status/855118853508083712/photo/1"
"855118847099248640","","","2017-04-20 17:59:55 +0000","<a href=""https://ifttt.com"" rel=""nofollow"">IFTTT</a>","#new  https://t.co/LM4dsf9XeS https://t.co/6wsgDrkprv","","","","http://ift.tt/2pHlAvk,https://twitter.com/taggaddaaaa/status/855118847099248640/photo/1"
"855118841525014528","","","2017-04-20 17:59:53 +0000","<a href=""https://ifttt.com"" rel=""nofollow"">IFTTT</a>","#new Dell par gr√©gory https://t.co/Z948q4bzEQ https://t.co/Q4BjilRews","","","","http://ift.tt/2oZT7Tk,https://twitter.com/taggaddaaaa/status/855118841525014528/photo/1"
"855118792694910977","","","2017-04-20 17:59:42 +0000","<a href=""https://ifttt.com"" rel=""nofollow"">IFTTT</a>","#new Dell par gr√©gory https://t.co/4kYhATcuoJ https://t.co/xEfX4hUVMG","","","","http://ift.tt/2pHBki2,https://twitter.com/taggaddaaaa/status/855118792694910977/photo/1"
"851914971944542208","","","2017-04-11 21:48:51 +0000","<a href=""http://job.francesurf.net/"" rel=""nofollow"">la recherche d'emploi par km</a>","Annonce CDI Montpellier: Ing√©nieur D√©veloppeur BI - Genio H/F
https://t.co/YSLvGonw0i 
Compte √† suivre : @MontpellierJobs","","","","http://www.francesurf.net/offre-emploi-ingenieur-developpeur-bi-genio_11333819.htm"
"851863294688317440","","","2017-04-11 18:23:30 +0000","<a href=""https://ifttt.com"" rel=""nofollow"">IFTTT</a>","#new Dell https://t.co/si5rqX96FT https://t.co/AcnufB47WK","","","","http://ift.tt/2o18BSV,https://twitter.com/taggaddaaaa/status/851863294688317440/photo/1"
"851863286849130497","","","2017-04-11 18:23:29 +0000","<a href=""https://ifttt.com"" rel=""nofollow"">IFTTT</a>","#new Dell https://t.co/bh0pgBN6zD https://t.co/HcSdnAzmeK","","","","http://ift.tt/2p2ui9K,https://twitter.com/taggaddaaaa/status/851863286849130497/photo/1"
"851863280201105408","","","2017-04-11 18:23:27 +0000","<a href=""https://ifttt.com"" rel=""nofollow"">IFTTT</a>","#new Dell ce jour chez #LOCKARTING https://t.co/yi7yzjdGUg https://t.co/swHhNKuwN4","","","","http://ift.tt/2o19uez,https://twitter.com/taggaddaaaa/status/851863280201105408/photo/1"
"851863272676626438","","","2017-04-11 18:23:25 +0000","<a href=""https://ifttt.com"" rel=""nofollow"">IFTTT</a>","#new Dell ce jour chez #LOCKARTING https://t.co/pN07EcrBYF https://t.co/MRK1xjlbHB","","","","http://ift.tt/2p2hXCu,https://twitter.com/taggaddaaaa/status/851863272676626438/photo/1"
"848485456077611009","","","2017-04-02 10:41:11 +0000","<a href=""https://ifttt.com"" rel=""nofollow"">IFTTT</a>","#new #EVFkartingperols https://t.co/9acZrSSExs https://t.co/MQy1XTNO9S","","","","http://ift.tt/2nKUZNq,https://twitter.com/taggaddaaaa/status/848485456077611009/photo/1"
"848485447827427328","","","2017-04-02 10:41:09 +0000","<a href=""https://ifttt.com"" rel=""nofollow"">IFTTT</a>","#new #EVFkartingperols https://t.co/9fPGDVIkVj https://t.co/aI3nX6OuPJ","","","","http://ift.tt/2nNPuip,https://twitter.com/taggaddaaaa/status/848485447827427328/photo/1"
"843560552760819713","","","2017-03-19 20:31:23 +0000","<a href=""http://job.francesurf.net/"" rel=""nofollow"">la recherche d'emploi par km</a>","Des offres d'emploi √† Montpellier : https://t.co/6L1kBoj9te","","","","http://job.francesurf.net/montpellier"
"840927148508622850","","","2017-03-12 14:07:10 +0000","<a href=""http://instagram.com"" rel=""nofollow"">Instagram</a>","#Trump #mur #Mexique https://t.co/xZLKLwXhwm","","","","https://www.instagram.com/p/BRinQNBlbx2/"
"840247735148261376","","","2017-03-10 17:07:25 +0000","<a href=""http://twitter.com"" rel=""nofollow"">Twitter Web Client</a>","Quel beau projet! De l'innovation solidaire comme j aime &lt;3 https://t.co/EkcKhjyb3U","","","","https://twitter.com/Davlardier/status/694970940724240385"
"839400481197805569","","","2017-03-08 09:00:44 +0000","<a href=""http://www.linkedin.com/"" rel=""nofollow"">LinkedIn</a>","Quelques id√©es √† proposer pour r√©parer cette 'mauvaise gestion de projet'? https://t.co/1Sq0QAyaWN","","","","https://lnkd.in/dJA8x2u"
"839157743068020740","","","2017-03-07 16:56:11 +0000","<a href=""https://ifttt.com"" rel=""nofollow"">IFTTT</a>","#new #karting#perols#montpellier#tropbeaux https://t.co/pCfSQjNXFx https://t.co/KC0KLvAhx1","","","","http://ift.tt/2mxGBJM,https://twitter.com/taggaddaaaa/status/839157743068020740/photo/1"
"839157736835321857","","","2017-03-07 16:56:09 +0000","<a href=""https://ifttt.com"" rel=""nofollow"">IFTTT</a>","#new #karting#perols#montpellier#tropbeaux https://t.co/84fjsMTW9X https://t.co/wkumErr9Aj","","","","http://ift.tt/2lTyNy6,https://twitter.com/taggaddaaaa/status/839157736835321857/photo/1"
"839128369153343488","","","2017-03-07 14:59:28 +0000","<a href=""http://job.francesurf.net/"" rel=""nofollow"">la recherche d'emploi par km</a>","Annonce CDI Montpellier: D√âVELOPPEURS JAVA (H/F) - Montpellier
https://t.co/pRCYNyyWLU via @MontpellierJobs","","","","http://www.francesurf.net/offre-emploi-developpeurs-java-montpellier_10800148.htm"
"839097442012434432","","","2017-03-07 12:56:34 +0000","<a href=""https://ifttt.com"" rel=""nofollow"">IFTTT</a>","#new #karting#nouveau#perols https://t.co/4wt9SuTrPU https://t.co/2DJoG3GWPG","","","","http://ift.tt/2lAcGkK,https://twitter.com/taggaddaaaa/status/839097442012434432/photo/1"
"839097432738779136","","","2017-03-07 12:56:32 +0000","<a href=""https://ifttt.com"" rel=""nofollow"">IFTTT</a>","#new #karting#nouveau#perols https://t.co/jGpRM3fK4p https://t.co/jx59hQ7M1U","","","","http://ift.tt/2lXXxpP,https://twitter.com/taggaddaaaa/status/839097432738779136/photo/1"
"835057208710791168","","","2017-02-24 09:22:07 +0000","<a href=""http://twitter.com"" rel=""nofollow"">Twitter Web Client</a>","Just joined @wittycircle, where the world meets #entrepreneurs url=https://t.co/tdZhEAXq56 VERY NICE PROJECT!!","","","","https://www.wittycircle.com"
"833956728647581697","","","2017-02-21 08:29:12 +0000","<a href=""https://ifttt.com"" rel=""nofollow"">IFTTT</a>","#new Hihi!! E.T. chercher #lockarting#montpellier https://t.co/Qn4tVKQY3P https://t.co/aZbaCMWlhd","","","","http://ift.tt/2kTKkwE,https://twitter.com/taggaddaaaa/status/833956728647581697/photo/1"
"833956719793422336","","","2017-02-21 08:29:10 +0000","<a href=""https://ifttt.com"" rel=""nofollow"">IFTTT</a>","#new Hihi!! E.T. chercher #lockarting#montpellier https://t.co/Oq0kgyRty0 https://t.co/gDap2szJrx","","","","http://ift.tt/2lGw9ja,https://twitter.com/taggaddaaaa/status/833956719793422336/photo/1"
"831627727237165057","","","2017-02-14 22:14:35 +0000","<a href=""http://job.francesurf.net/"" rel=""nofollow"">la recherche d'emploi par km</a>","Annonce CDI Montpellier: D√©veloppeur .NET- Montpellier (34) (H/F)
https://t.co/GvloIzxWzp 
Compte √† suivre : @MontpellierJobs","","","","http://www.francesurf.net/offre-emploi-developpeur-montpellier-34_10430691.htm"
"831563998718021632","","","2017-02-14 18:01:21 +0000","<a href=""https://ifttt.com"" rel=""nofollow"">IFTTT</a>","#new #lockartingvolantmontpellier https://t.co/gyp5blUKFK https://t.co/m7v2Xd5vlq","","","","http://ift.tt/2lMALQZ,https://twitter.com/taggaddaaaa/status/831563998718021632/photo/1"
"831563992942465025","","","2017-02-14 18:01:20 +0000","<a href=""https://ifttt.com"" rel=""nofollow"">IFTTT</a>","#new #lockartingvolantmontpellier https://t.co/SXyaouCY4v https://t.co/k4VwaL36am","","","","http://ift.tt/2lHbZWm,https://twitter.com/taggaddaaaa/status/831563992942465025/photo/1"
"831563987854749698","","","2017-02-14 18:01:19 +0000","<a href=""https://ifttt.com"" rel=""nofollow"">IFTTT</a>","#new  https://t.co/K6HL1QYk48 https://t.co/qgwRf4qfKE","","","","http://ift.tt/2lMCHcc,https://twitter.com/taggaddaaaa/status/831563987854749698/photo/1"
"831563981533937664","","","2017-02-14 18:01:17 +0000","<a href=""https://ifttt.com"" rel=""nofollow"">IFTTT</a>","#new  https://t.co/IQeoBMOw8W https://t.co/rOj2Yo9jar","","","","http://ift.tt/2lH9oM9,https://twitter.com/taggaddaaaa/status/831563981533937664/photo/1"
"831563975145959426","","","2017-02-14 18:01:16 +0000","<a href=""https://ifttt.com"" rel=""nofollow"">IFTTT</a>","#new  https://t.co/0ibQQYMEv6 https://t.co/Swlv6Oxb8K","","","","http://ift.tt/2lMIHlu,https://twitter.com/taggaddaaaa/status/831563975145959426/photo/1"
"831563968753836038","","","2017-02-14 18:01:14 +0000","<a href=""https://ifttt.com"" rel=""nofollow"">IFTTT</a>","#new  https://t.co/QZHdH1ajzy https://t.co/tKZ6ExiOTL","","","","http://ift.tt/2lMu2GD,https://twitter.com/taggaddaaaa/status/831563968753836038/photo/1"
"831563963120885764","","","2017-02-14 18:01:13 +0000","<a href=""https://ifttt.com"" rel=""nofollow"">IFTTT</a>","#new  https://t.co/nUVepazT6a https://t.co/1Rhxe0NR5C","","","","http://ift.tt/2lGZeLI,https://twitter.com/taggaddaaaa/status/831563963120885764/photo/1"
"831563957567635456","","","2017-02-14 18:01:11 +0000","<a href=""https://ifttt.com"" rel=""nofollow"">IFTTT</a>","#new  https://t.co/Cwp1BvKbmv https://t.co/FPKtl4IQEg","","","","http://ift.tt/2lMECh1,https://twitter.com/taggaddaaaa/status/831563957567635456/photo/1"
"831563949594271746","","","2017-02-14 18:01:09 +0000","<a href=""https://ifttt.com"" rel=""nofollow"">IFTTT</a>","#new  https://t.co/7vKD2hscxU https://t.co/nWZQcNimCH","","","","http://ift.tt/2lHaLus,https://twitter.com/taggaddaaaa/status/831563949594271746/photo/1"
"831563943885828100","","","2017-02-14 18:01:08 +0000","<a href=""https://ifttt.com"" rel=""nofollow"">IFTTT</a>","#new  https://t.co/R2I00e7GAI https://t.co/W3sWQ2vKj0","","","","http://ift.tt/2lMrb0r,https://twitter.com/taggaddaaaa/status/831563943885828100/photo/1"
"829692862036111365","","","2017-02-09 14:06:07 +0000","<a href=""https://ifttt.com"" rel=""nofollow"">IFTTT</a>","#new Le karting dans tous ses √©tats #kartingmontpellier https://t.co/EsV3WgcoDb https://t.co/cU4XajijmB","","","","http://ift.tt/2luBBCR,https://twitter.com/taggaddaaaa/status/829692862036111365/photo/1"
"829692851823005698","","","2017-02-09 14:06:05 +0000","<a href=""https://ifttt.com"" rel=""nofollow"">IFTTT</a>","#new Le karting dans tous ses √©tats #kartingmontpellier https://t.co/uUcuQ1h7Hi https://t.co/YhMhA79aUs","","","","http://ift.tt/2lnSyC7,https://twitter.com/taggaddaaaa/status/829692851823005698/photo/1"
"822502705537187841","822396620603985920","2321116818","2017-01-20 17:55:01 +0000","<a href=""http://twitter.com/download/iphone"" rel=""nofollow"">Twitter for iPhone</a>","@ChipotleFR montpellier (et je veux bien le manager!! üòé)","","","",""
"819951492115337216","","2321116818","2017-01-13 16:57:24 +0000","<a href=""http://twitter.com/download/iphone"" rel=""nofollow"">Twitter for iPhone</a>","@ChipotleFR a quand une ouverture sur montpellier?","","","",""
"819533901878198273","","","2017-01-12 13:18:03 +0000","<a href=""http://job.francesurf.net/"" rel=""nofollow"">la recherche d'emploi par km</a>","Annonce CDD Montpellier: Animateur parfums h/f herault : montpellier
https://t.co/Wjeh4M6DLa 
Suivez : @MontpellierJobs","","","","http://www.francesurf.net/offre-emploi-animateur-parfums-herault-montpellier_10179010.htm"
"819484382109061124","","","2017-01-12 10:01:16 +0000","<a href=""https://ifttt.com"" rel=""nofollow"">IFTTT</a>","#new Voie contr√¥l√©e sans issue!! https://t.co/uH5Tbzc3i0 https://t.co/JQ3XeK0ReC","","","","http://ift.tt/2j3MPxe,https://twitter.com/taggaddaaaa/status/819484382109061124/photo/1"
"819484371229020160","","","2017-01-12 10:01:14 +0000","<a href=""https://ifttt.com"" rel=""nofollow"">IFTTT</a>","#new Voie contr√¥l√©e sans issue!! https://t.co/8ahVIYNdFc https://t.co/sLu6KE3N0a","","","","http://ift.tt/2ifYonI,https://twitter.com/taggaddaaaa/status/819484371229020160/photo/1"
"818398326051762176","","817727927106359296","2017-01-09 10:05:40 +0000","<a href=""http://twitter.com"" rel=""nofollow"">Twitter Web Client</a>","@mfabre42 ta place est elle toujours dispo pour janvier? #NYveutSPRING #lion #startup #frenchtech","","","",""
"818397864271429632","","","2017-01-09 10:03:50 +0000","<a href=""http://twitter.com"" rel=""nofollow"">Twitter Web Client</a>","#SPRINGveutNY j'√©changerai bien ma place √† la session lion d'avril pour une en janvier ! #lion #startup #frenchtech","","","",""
"818397653327351808","","1229406451","2017-01-09 10:03:00 +0000","<a href=""http://twitter.com"" rel=""nofollow"">Twitter Web Client</a>","@ClaireGaro envie de switcher avec la NY de LION? #SPRINGveutNY","","","",""
"792786887995949056","","","2016-10-30 17:54:58 +0000","<a href=""http://twitter.com"" rel=""nofollow"">Twitter Web Client</a>","Get 3 months of @InVisionApp premium‚Äîfor free! https://t.co/3HrQpVHVih","","","","http://www.invisionapp.com/redeem/s/46820850"
"790528890695512064","","","2016-10-24 12:22:29 +0000","<a href=""http://job.francesurf.net/"" rel=""nofollow"">la recherche d'emploi par km</a>","Annonce CDD Montpellier: CARROSSIER (H/F)  MONTPELLIER
https://t.co/GUqaZkpIWY 
Compte √† suivre : @MontpellierJobs","","","","http://www.francesurf.net/offre-emploi-carrossier-montpellier_9646669.htm"
"789756349852880896","","","2016-10-22 09:12:41 +0000","<a href=""http://twitter.com"" rel=""nofollow"">Twitter Web Client</a>","https://t.co/Po2G6w6TfW via @populr","","","","http://playerz-live.populr.me/openfield16?a2"
"789756146261303296","","","2016-10-22 09:11:52 +0000","<a href=""http://www.linkedin.com/"" rel=""nofollow"">LinkedIn</a>","Merci √† Ceulain Bansimba, Etalab -, NUMA Paris et Minist√®re de la Ville, de la Jeunesse et des Sports. https://t.co/TQt3t28hRx","","","","https://lnkd.in/dNz8CNa"
"789751562704912384","","","2016-10-22 08:53:40 +0000","<a href=""http://twitter.com"" rel=""nofollow"">Twitter Web Client</a>","Vos avis sont les bienvenus!!  https://t.co/Po2G6w6TfW","","","","http://playerz-live.populr.me/openfield16?a2"
"788032224616644608","","","2016-10-17 15:01:37 +0000","<a href=""http://twitter.com/download/iphone"" rel=""nofollow"">Twitter for iPhone</a>","RT @YRoszewitch: L'immense majorit√© des homophobes n'ont aucun scrupule √† mentir ! Pour rappel, 65 % des Fran√ßais sont pour le maintien du‚Ä¶","787617934365618177","2421254202","2016-10-16 11:35:23 +0000","https://twitter.com/mlp_officiel/status/787604569593356289"
"788031709908434944","","","2016-10-17 14:59:35 +0000","<a href=""http://twitter.com/download/iphone"" rel=""nofollow"">Twitter for iPhone</a>","RT @BrunoJulliard: Bide de la #ManifDeLaHaine: la soci√©t√© est bien plus g√©n√©reuse que quelques mauvais coucheurs aigris. Vive l'√©galit√© et‚Ä¶","787686121560018946","94114176","2016-10-16 16:06:20 +0000",""
"788031456882855937","","","2016-10-17 14:58:34 +0000","<a href=""http://twitter.com/download/iphone"" rel=""nofollow"">Twitter for iPhone</a>","RT @RemiFeraud: Echec de @LaManifPourTous : le #MariagePourTous restera inscrit dans la loi fran√ßaise. Il faut militer d√©sormais pour de no‚Ä¶","787698906117406724","519390633","2016-10-16 16:57:08 +0000","https://twitter.com/itele/status/787670607836184576"
"788031407847272449","","","2016-10-17 14:58:23 +0000","<a href=""http://twitter.com/download/iphone"" rel=""nofollow"">Twitter for iPhone</a>","RT @PierreHV1: Depuis 1981, #Fillon a vot√© contre :
-la d√©p√©nalisation de l'homosexualit√©
-le PACS
-le #Mariagepourtous

#LoveIsLove 
#LaMa‚Ä¶","787694829220290560","3014184753","2016-10-16 16:40:56 +0000",""
"788024245112700929","","","2016-10-17 14:29:55 +0000","<a href=""http://twitter.com/download/iphone"" rel=""nofollow"">Twitter for iPhone</a>","Et si on contre-#ManifPourTous sur les RS en unlikant #MichelEtAugustin et autre #Fillon etc..?? #gay #Pride #PMA #GPA #MariagePourTous https://t.co/WLTAFzmbTv","","","","https://twitter.com/taggaddaaaa/status/788024245112700929/photo/1"
"784721970168471552","","","2016-10-08 11:47:51 +0000","<a href=""http://job.francesurf.net/"" rel=""nofollow"">la recherche d'emploi par km</a>","Annonce CDI Montpellier: M√©decin Urgentiste Hospitalier 2h de Montpellier
https://t.co/TotJ58abvm 
Suivez : @MontpellierJobs","","","","http://www.francesurf.net/offre-emploi-medecin-urgentiste-hospitalier-2h-de-montpellier_9006088.htm"
"784716911930138624","","712380188932378624","2016-10-08 11:27:45 +0000","<a href=""http://twitter.com/download/iphone"" rel=""nofollow"">Twitter for iPhone</a>","@playerz_io #numa #OpenField16 https://t.co/NnSY1Xssum","","","","https://twitter.com/taggaddaaaa/status/784716911930138624/photo/1"
"784343801578065920","","","2016-10-07 10:45:09 +0000","<a href=""http://www.crowdfireapp.com"" rel=""nofollow"">Crowdfire - Go Big</a>","‚òÖ‚òÖ‚òÖ CONCOURS MEILLEUR PILOTE DE KARTING‚òÖ‚òÖ‚òÖ https://t.co/py7RQHqxF9 #karting #montpellier #sport @LOCKARTING ¬†@ffsaorg #mhb #mhsc","","","","http://bit.ly/lockarting"
"784327090761904128","","","2016-10-07 09:38:45 +0000","<a href=""http://twitter.com"" rel=""nofollow"">Twitter Web Client</a>","‚òÖ‚òÖ‚òÖ CONCOURS MEILLEUR PILOTE DE KARTING‚òÖ‚òÖ‚òÖ https://t.co/py7RQH8Wgz #karting #montpellier #sport @LOCKARTING  @ffsaorg #mhb #mhsc https://t.co/n4n5fRdT2O","","","","http://bit.ly/lockarting,https://twitter.com/taggaddaaaa/status/784327090761904128/photo/1"
"784325781233160193","","","2016-10-07 09:33:32 +0000","<a href=""http://giphy.com"" rel=""nofollow"">Giphy Share</a>","https://t.co/8emmzPDaqz¬†‚òÖ‚òÖ‚òÖ CONCOURS MEILLEUR PILOTE DE #KARTING #MONTPELLIER ‚òÖ‚òÖ‚òÖ https://t.co/py7RQH8Wgz https://t.co/cYCxJFGgJ8","","","","http://gph.is/154lPkU,http://bit.ly/lockarting,https://twitter.com/taggaddaaaa/status/784325781233160193/photo/1"
"732589701400514562","","","2016-05-17 15:12:50 +0000","<a href=""http://twitter.com/download/iphone"" rel=""nofollow"">Twitter for iPhone</a>","Facture impay√©e par @KRDSParis -&gt; 6 mois de retard!  #entrepreunariat #socialmedia #reputation #digital #news #yvesrocher #mauvaispayeur","","","",""
"727021602819432448","","","2016-05-02 06:27:12 +0000","<a href=""http://job.francesurf.net/"" rel=""nofollow"">la recherche d'emploi par km</a>","Annonce CDI Montpellier: Analyste D√©veloppeur DotNet H/F
https://t.co/vsqtuQ89XC 
Voir d'autres offres chez @MontpellierJobs","","","","http://www.francesurf.net/offre-emploi-analyste-developpeur-dotnet_8471999.htm"
"727011787372126208","","","2016-05-02 05:48:11 +0000","<a href=""http://mobile.twitter.com"" rel=""nofollow"">Mobile Web</a>","RT @LaurentVitoux: Des stats pour les clubs amateurs, c'est simple avec #Playerz ! #culturathon2016 #Orange_Nord partenaire https://t.co/qc‚Ä¶","726829547044397056","385118810","2016-05-01 17:44:02 +0000","https://twitter.com/bemyappfr/status/726814711652737026"
"724474109934096385","","","2016-04-25 05:44:22 +0000","<a href=""http://twitter.com"" rel=""nofollow"">Twitter Web Client</a>","I unsubscribed from 21 spam emails with @unrollme. Life is busy. Your inbox shouldn't be. https://t.co/USh1mrZZze","","","","https://unroll.me/?utm_campaign=share-twitter-ie"
"718373908471291905","","290014291","2016-04-08 09:44:21 +0000","<a href=""http://twitter.com"" rel=""nofollow"">Twitter Web Client</a>","@lorealparisfr Laissez tomber #BasketPourTous !!!! Elles sont d√©j√† √† nos pieds :'))) #42born2code","","","",""
"702784193546350596","","","2016-02-25 09:16:23 +0000","<a href=""http://job.francesurf.net/"" rel=""nofollow"">la recherche d'emploi par km</a>","Annonce STAGE Montpellier: Stagiaire commercial(e) btob montpellier
https://t.co/PKRppcIqzJ sur @MontpellierJobs","","","","http://www.francesurf.net/offre-emploi-stagiaire-commerciale-btob-montpellier_7922158.htm"
"702450079681146880","","","2016-02-24 11:08:44 +0000","<a href=""http://twitter.com/download/iphone"" rel=""nofollow"">Twitter for iPhone</a>","RT @HECParis: #HECLive Conference w/ Peter Thiel tech #entrepreneur, investor &amp; author ZeroToOne Note on #startups &amp; how to build the futur‚Ä¶","702449145223716865","35766159","2016-02-24 11:05:01 +0000",""
"702449989063200768","","","2016-02-24 11:08:22 +0000","<a href=""http://twitter.com/download/iphone"" rel=""nofollow"">Twitter for iPhone</a>","On attend @peterthielüññüèºüò±ü§ó @boostalent https://t.co/5WKZTg1Poc","","","","https://twitter.com/taggaddaaaa/status/702449989063200768/photo/1"
"702448364101738497","","","2016-02-24 11:01:55 +0000","<a href=""http://twitter.com/download/iphone"" rel=""nofollow"">Twitter for iPhone</a>","RT @CarlesDeau: @HEC_Digital @BarthSims @taggaddaaaa https://t.co/f9YRbXBwtM","702446804911185920","127472673","2016-02-24 10:55:43 +0000","https://twitter.com/CarlesDeau/status/702446804911185920/photo/1,https://twitter.com/CarlesDeau/status/702446804911185920/photo/1"
"698140751981580288","","","2016-02-12 13:45:00 +0000","<a href=""http://job.francesurf.net/"" rel=""nofollow"">la recherche d'emploi par km</a>","Un annuaire web g√©olocalis√© par d√©partement https://t.co/q00ZHeHiQ4","","","","http://www.francesurf.net"
"695645722406842369","695640889214033920","35731221","2016-02-05 16:30:39 +0000","<a href=""http://twitter.com/download/iphone"" rel=""nofollow"">Twitter for iPhone</a>","@OCTOTechnology  merci!!!! Je suis tr√®s contente!","","","",""
"695588219631628288","","","2016-02-05 12:42:09 +0000","<a href=""http://twitter.com/download/iphone"" rel=""nofollow"">Twitter for iPhone</a>","Ravie avec @OCTOTechnology au #gdgdevfest #gdg https://t.co/UC7bwZ3wX4","","","","https://twitter.com/taggaddaaaa/status/695588219631628288/photo/1"
"695565664719917056","","","2016-02-05 11:12:32 +0000","<a href=""http://twitter.com/download/iphone"" rel=""nofollow"">Twitter for iPhone</a>","&lt;3 it!  @Level_Art creates sexier version of Suicide Squad's https://t.co/5xtUw3o2lN‚Ä¶ @MargotRobbie #SuicideSquad https://t.co/Xyj1AA1pIL","","","","http://nerdreactor.com/2016/02/04/cg-,https://twitter.com/taggaddaaaa/status/695565664719917056/photo/1"
"695563071058796544","","","2016-02-05 11:02:13 +0000","<a href=""http://twitter.com/download/iphone"" rel=""nofollow"">Twitter for iPhone</a>","RT @Fatoch4: Quant @MargotRobbie fait phantasmes les Geek!
Harley Quinn - Suicide Squad 
Caizergues Noel
 Artstation ¬© 2016 https://t.co/DO‚Ä¶","695535965906079745","2280470815","2016-02-05 09:14:31 +0000","https://twitter.com/Fatoch4/status/695535965906079745/photo/1"
"695557064081461252","","","2016-02-05 10:38:21 +0000","<a href=""http://twitter.com/download/iphone"" rel=""nofollow"">Twitter for iPhone</a>","Fier de son fr√®re: @Level_Art creates sexier version of Suicide Squad's https://t.co/xY4AtCyFtp #gdg #SuicideSquad https://t.co/f6m5ZEEtqy","","","","http://nerdreactor.com/2016/02/04/cg-artist-sexier-suicide-squads-harley-quinn/,https://twitter.com/taggaddaaaa/status/695557064081461252/photo/1"
"695555631886004225","","","2016-02-05 10:32:40 +0000","<a href=""http://mobile.twitter.com"" rel=""nofollow"">Mobile Web</a>","CG artist creates sexier version of Suicide Squad's Harley Quinn https://t.co/xY4AtCyFtp","","","","http://nerdreactor.com/2016/02/04/cg-artist-sexier-suicide-squads-harley-quinn/"
"695229927088594944","","","2016-02-04 12:58:26 +0000","<a href=""http://job.francesurf.net/"" rel=""nofollow"">la recherche d'emploi par km</a>","Annonce CDI Montpellier: Famille cherche au pair pour MONTPELLIER France
https://t.co/ljJYOrtPR5 
Compte √† suivre : @MontpellierJobs","","","","http://www.francesurf.net/offre-emploi-famille-cherche-au-pair-pour-montpellier-france_7818119.htm"
"695205001279438848","","","2016-02-04 11:19:23 +0000","<a href=""http://twitter.com/download/iphone"" rel=""nofollow"">Twitter for iPhone</a>","RT @MarieNifa: De bon matin dans le #metro #MetroFebruary2016 #Ligne13 #Paris https://t.co/K68GesyxLH","695156096491622400","86339947","2016-02-04 08:05:03 +0000","https://twitter.com/MarieNifa/status/695156096491622400/photo/1,https://twitter.com/MarieNifa/status/695156096491622400/photo/1"
"691917323230404608","","","2016-01-26 09:35:19 +0000","<a href=""http://twitter.com/download/iphone"" rel=""nofollow"">Twitter for iPhone</a>","@Terravision_eu we are Frozen by your fault! Thanks to your welcome at #London stanted. We want money back!!!! Grrrrrrr!! üò†üò†üò†","","","",""
"687667029122412545","","","2016-01-14 16:06:10 +0000","<a href=""http://twitter.com"" rel=""nofollow"">Twitter Web Client</a>","69... je pense √† #Bowie et #AlanRickman bien s√ªr!...","","","",""
"676088803413610497","","","2015-12-13 17:18:26 +0000","<a href=""http://job.francesurf.net/"" rel=""nofollow"">la recherche d'emploi par km</a>","Annonce CDI Montpellier: Chef de secteur / Formateur h/f - Montpellier
https://t.co/lcOo64RWRi 
Voir d'autres offres chez @MontpellierJobs","","","","http://www.francesurf.net/offre-emploi-chef-de-secteur-formateur-montpellier_7113863.htm"
"673923958895439873","","189381959","2015-12-07 17:56:07 +0000","<a href=""https://zapier.com/"" rel=""nofollow"">Zapier.com</a>","@claudealexis Merci de me suivre! https://t.co/o9IoRP55Ax https://t.co/fOwGumLfpT","","","","http://bit.ly/1jwooXz,https://twitter.com/taggaddaaaa/status/673923958895439873/photo/1"
"673871839102398464","","3165282255","2015-12-07 14:29:01 +0000","<a href=""https://zapier.com/"" rel=""nofollow"">Zapier.com</a>","@TEEK_easy Merci de me suivre! https://t.co/o9IoRP55Ax https://t.co/Kcepel4cyM","","","","http://bit.ly/1jwooXz,https://twitter.com/taggaddaaaa/status/673871839102398464/photo/1"
"672667117246930944","","1299243176","2015-12-04 06:41:52 +0000","<a href=""https://zapier.com/"" rel=""nofollow"">Zapier.com</a>","@SelvaRomain Merci de me suivre! https://t.co/o9IoRP55Ax https://t.co/6YoYvL0RQ0","","","","http://bit.ly/1jwooXz,https://twitter.com/taggaddaaaa/status/672667117246930944/photo/1"
"672212391363481601","","3064809140","2015-12-03 00:34:57 +0000","<a href=""https://zapier.com/"" rel=""nofollow"">Zapier.com</a>","@amelimelodi Merci de me suivre! https://t.co/o9IoRP55Ax https://t.co/EsuRGlrtLY","","","","http://bit.ly/1jwooXz,https://twitter.com/taggaddaaaa/status/672212391363481601/photo/1"
"671688329939783680","","","2015-12-01 13:52:31 +0000","<a href=""http://job.francesurf.net/"" rel=""nofollow"">la recherche d'emploi par km</a>","Annonce CDI Montpellier: RESPONSABLE COMMERCIAL SECTEUR SANTE MONTPELLIER
https://t.co/9arMprsKZM sur @MontpellierJobs","","","","http://www.francesurf.net/offre-emploi-responsable-commercial-secteur-sante-montpellier_7343373.htm"
"671640528174383104","","3176010231","2015-12-01 10:42:35 +0000","<a href=""https://zapier.com/"" rel=""nofollow"">Zapier.com</a>","@psdrepo Merci de me suivre! https://t.co/o9IoRP55Ax https://t.co/YQ6gOmqo5p","","","","http://bit.ly/1jwooXz,https://twitter.com/taggaddaaaa/status/671640528174383104/photo/1"
"671017262321672194","","","2015-11-29 17:25:56 +0000","<a href=""http://twitter.com/download/iphone"" rel=""nofollow"">Twitter for iPhone</a>","D√©lib√©ration! @boostalent @HECParis @42born2code #startup @_TheFamily https://t.co/PgTpumdpOU","","","","https://twitter.com/taggaddaaaa/status/671017262321672194/photo/1"
"670714621611888641","","","2015-11-28 21:23:21 +0000","<a href=""http://twitter.com"" rel=""nofollow"">Twitter Web Client</a>","Athletes : get headhunted : https://t.co/8v0y2fsUxs for the #startup Rush of @42born2code @HECParis with @_TheFamily #football #sports","","","","http://www.boostalent.me"
"666168643789709312","","","2015-11-16 08:19:16 +0000","<a href=""http://twitter.com"" rel=""nofollow"">Twitter Web Client</a>","Personas #marketing: D√©finition, √©tapes, usages...le guide complet. https://t.co/6tGVKlpC83 via @deuxio","","","","http://deux.io/persona-marketing-definition/"
"662740755266404352","","","2015-11-06 21:18:03 +0000","<a href=""http://job.francesurf.net/"" rel=""nofollow"">la recherche d'emploi par km</a>","Annonce CDI Montpellier: Conseiller client√®le (H/F) - Montpellier
https://t.co/PdRU9K0fCu via @MontpellierJobs","","","","http://www.francesurf.net/offre-emploi-conseiller-clientele-montpellier_7007991.htm"
"662696768090595328","","","2015-11-06 18:23:16 +0000","<a href=""http://twitter.com"" rel=""nofollow"">Twitter Web Client</a>","On a tous besoin de @trello ! C'est comme un tableau blanc avec des super-pouvoirs. (Et en plus, c'est gratuit !) https://t.co/ol0ds0xguN","","","","https://trello.com/sabinecaizergues1/recommend"
"656742737094529024","","","2015-10-21 08:04:04 +0000","<a href=""http://bufferapp.com"" rel=""nofollow"">Buffer</a>","Build a Swift App: https://t.co/sTPw07y6yH","","","","http://buff.ly/1M2Gk9v"
"656561464325615616","","","2015-10-20 20:03:46 +0000","<a href=""http://twitter.com/download/android"" rel=""nofollow"">Twitter for Android</a>","RT @BFMTV: Salari√©e de la SNCF le jour, elle est romanci√®re Harlequin √† succ√®s la nuit https://t.co/GH8ELskPck https://t.co/nxNM0uq5Ar","656464852710391808","133663801","2015-10-20 13:39:52 +0000","http://www.bfmtv.com/culture/ses-parents-ignoraient-tout-de-ses-activites-de-romanciere-harlequin-a-succes-923704.html,https://twitter.com/BFMTV/status/656464852710391808/photo/1,http://www.bfmtv.com/culture/ses-parents-ignoraient-tout-de-ses-activites-de-romanciere-harlequin-a-succes-923704.html,https://twitter.com/BFMTV/status/656464852710391808/photo/1"
"656442561335267328","","","2015-10-20 12:11:17 +0000","<a href=""http://job.francesurf.net/"" rel=""nofollow"">la recherche d'emploi par km</a>","Annonce CDD Montpellier: Alternant Ing√©nieur des Ventes H/F (Montpellier)
https://t.co/3hcMvIHFPO via @MontpellierJobs","","","","http://www.francesurf.net/offre-emploi-alternant-ingenieur-des-ventes-montpellier_7112672.htm"
"656438137791586304","","","2015-10-20 11:53:42 +0000","<a href=""http://twitter.com"" rel=""nofollow"">Twitter Web Client</a>","OH MY GOD! @SelahSue @stephdegroodt @AaRONtheband #CapturTheNight,
 #sponsoris√© https://t.co/xZzIhRGRmN","","","","http://vyn.io/hFzbEJ1gED"
"656250754362142720","","","2015-10-19 23:29:07 +0000","<a href=""http://twitter.com"" rel=""nofollow"">Twitter Web Client</a>","Imaginez la voiture de demain!: #ImagineWithOrange #SmartCar  #crowdsourcing #sponsoris√© https://t.co/zWqVOyVpoI","","","","http://vyn.io/2IJW09o3d"
"656239768532078592","","","2015-10-19 22:45:27 +0000","<a href=""http://twitter.com"" rel=""nofollow"">Twitter Web Client</a>","Build a Swift App: https://t.co/gMS4ZF60qY","","","","http://designcode.io/swiftapp"
"654142588014972928","","","2015-10-14 03:52:01 +0000","<a href=""http://twitter.com"" rel=""nofollow"">Twitter Web Client</a>","Love! Just downloaded free Opentype font for Mac and Pc #FormaandCo #FreeFont http://t.co/elEqUtyifI","","","","http://bit.ly/1b1hncM"
"652804490144423936","","","2015-10-10 11:14:53 +0000","<a href=""http://twitter.com"" rel=""nofollow"">Twitter Web Client</a>","RT @HavasWWParis: Cr√©ative Nest : @42born2code de @Xavier75 √©g√©rie de la campagne #creativefrance @businessfrance #HavasParis http://t.co/G‚Ä¶","650895236508614656","275523071","2015-10-05 04:48:12 +0000","https://twitter.com/HavasWWParis/status/650895236508614656/photo/1"
"646724279862755328","","","2015-09-23 16:34:18 +0000","<a href=""http://job.francesurf.net/"" rel=""nofollow"">la recherche d'emploi par km</a>","Annonce CDD Montpellier: Conseiller point de vente h/f - montpellier - cdd
http://t.co/dLnIubs09B 
Compte √† suivre : @MontpellierJobs","","","","http://www.francesurf.net/offre-emploi-conseiller-point-de-vente-montpellier-cdd_7061751.htm"
"646711710653485056","641891427484631040","70643496","2015-09-23 15:44:21 +0000","<a href=""http://twitter.com"" rel=""nofollow"">Twitter Web Client</a>","@GDGParis @google @taggaddaaaa Moi j'en suis! Merci √† vous pour ce meetup! http://t.co/4UfggkiyRE","","","","https://twitter.com/taggaddaaaa/status/646711710653485056/photo/1"
"644059145398829056","","","2015-09-16 08:04:00 +0000","<a href=""http://bufferapp.com"" rel=""nofollow"">Buffer</a>","YOP pour faire du tri, des listes... bref pour s'organiser j'utilise Trello: http://t.co/WQufDdmVvM
c est gratuit et ca change la vie!","","","","http://buff.ly/1K9MErL"
"643372717962567680","","","2015-09-14 10:36:23 +0000","<a href=""http://twitter.com"" rel=""nofollow"">Twitter Web Client</a>","RT @The_B_Walk: Notre d√©veloppeur @TonyTruand_ passe la barre de 2000km (de ligne de code) et arrive √† Pirot en Serbie.
http://t.co/7MvHMg5‚Ä¶","641219685439176704","2676117240","2015-09-08 12:01:00 +0000","http://www.thebeautifulwalk.com/user/Jp~101/wall"
"643353943087706113","643165559870386176","1136582846","2015-09-14 09:21:47 +0000","<a href=""http://twitter.com"" rel=""nofollow"">Twitter Web Client</a>","@Level_Art @MANGAMESHOW le regard de killeur","","","",""
"643353875307741184","643165559870386176","1136582846","2015-09-14 09:21:31 +0000","<a href=""http://twitter.com"" rel=""nofollow"">Twitter Web Client</a>","@Level_Art @MANGAMESHOW  pfffui la channnnce!!","","","",""
"643353657422032896","","","2015-09-14 09:20:39 +0000","<a href=""http://bufferapp.com"" rel=""nofollow"">Buffer</a>","YOP pour faire du tri, des listes... bref pour s'organiser j'utilise Trello: http://t.co/Chll9WG1O3
c est gratuit et ca change la vie!","","","","http://buff.ly/1K9MO2a"
"643056471060672512","","","2015-09-13 13:39:44 +0000","<a href=""http://www.twitter-payment.com"" rel=""nofollow"">Tweet Payment</a>","100 free crisp Android icons in all sizes from http://t.co/tCerlBIcDQ","","","","http://PixelLove.com"
"643056375732510721","","","2015-09-13 13:39:22 +0000","<a href=""http://www.twitter-payment.com"" rel=""nofollow"">Tweet Payment</a>","100 free awesome iOS tab bar &amp; toolbar icons by http://t.co/tCerlBIcDQ","","","","http://PixelLove.com"
"642352634259746816","","","2015-09-11 15:02:56 +0000","<a href=""http://job.francesurf.net/"" rel=""nofollow"">la recherche d'emploi par km</a>","Annonce CDI Montpellier: Conseiller point de vente h/f - montpellier ouest
http://t.co/jKh3uMfgHj 
Compte √† suivre : @MontpellierJobs","","","","http://www.francesurf.net/offre-emploi-conseiller-point-de-vente-montpellier-ouest_6692571.htm"
"642348500987064320","","","2015-09-11 14:46:31 +0000","<a href=""http://twitter.com/download/android"" rel=""nofollow"">Twitter for Android</a>","RT @InVisionApp: Grab the most extensive web to mobile UI kit on the market‚Äîfree! https://t.co/juK8nY9uAv","628322924781547520","256093789","2015-08-03 21:53:53 +0000","https://cards.twitter.com/cards/48gz8d/se46,https://cards.twitter.com/cards/48gz8d/se46"
"642346611604123648","471371904172163072","201387300","2015-09-11 14:39:01 +0000","<a href=""http://twitter.com/download/android"" rel=""nofollow"">Twitter for Android</a>","@Plumeensucre kikouuuu","","","",""
"639053186674860032","","","2015-09-02 12:32:07 +0000","<a href=""http://twitter.com"" rel=""nofollow"">Twitter Web Client</a>","etre la 939,535eme a attendre son invit... et vous? @oneplus https://t.co/LlyQg6Ktxc","","","","https://oneplus.net/fr/invites?kolid=R2KNLF"
"638957587497644034","","","2015-09-02 06:12:14 +0000","<a href=""http://twitter.com"" rel=""nofollow"">Twitter Web Client</a>","would like to buy this but can't see my cart :( #framer @framerjs
http://t.co/Il6JUFLFaa","","","","http://coffeescript-for-framerjs.com/"
"636095478279610368","","","2015-08-25 08:39:14 +0000","<a href=""http://twitter.com/download/android"" rel=""nofollow"">Twitter for Android</a>","3 Reasons why you should absolutely learn to code by @candicesg http://t.co/KXZUIbnNZQ","","","","http://bit.ly/1fzPE5v"
"631426984191635456","","","2015-08-12 11:28:19 +0000","<a href=""http://twitter.com/download/android"" rel=""nofollow"">Twitter for Android</a>","#fotobomb http://t.co/BBlAe2Yxim","","","","https://twitter.com/taggaddaaaa/status/631426984191635456/photo/1"
"628486072905953280","","","2015-08-04 08:42:11 +0000","<a href=""http://job.francesurf.net/"" rel=""nofollow"">la recherche d'emploi par km</a>","Annonce CDD Montpellier: TELE CONSEILLER (H/F)  MONTPELLIER
http://t.co/CLbof51PAN via @MontpellierJobs","","","","http://www.francesurf.net/offre-emploi-tele-conseiller-montpellier_5806547.htm"
"628290761495314432","","","2015-08-03 19:46:05 +0000","<a href=""http://twitter.com"" rel=""nofollow"">Twitter Web Client</a>","RT @JHKoivula: Ah, @Codecademy is the best thing when you have just a bit of extra time before bedtime and still want to do something usefu‚Ä¶","628282786508578817","188466389","2015-08-03 19:14:23 +0000",""
"628289341996052480","","","2015-08-03 19:40:26 +0000","<a href=""http://twitter.com"" rel=""nofollow"">Twitter Web Client</a>","Want a free t-shirt from @InVisionApp? Sure you do. Enter for your chance to win: http://t.co/v5g9PsFfa2 http://t.co/dvirsJ7jal","","","","http://bit.ly/1ablN0v,https://twitter.com/InVisionApp/status/543177252666474496/photo/1"
"626711935900352512","","","2015-07-30 11:12:23 +0000","<a href=""http://twitter.com"" rel=""nofollow"">Twitter Web Client</a>","I just reserved my OnePlus 2 invite! Sign up for yours today.  https://t.co/NbmPKMLuAj","","","","https://oneplus.net/invites?kolid=KIEE04"
"621997659088400384","","","2015-07-17 10:59:32 +0000","<a href=""http://twitter.com"" rel=""nofollow"">Twitter Web Client</a>","Encore du cash √† d√©penser! merci #igraal @iGraal_cashback http://t.co/m3cCOeSX2R","","","","http://fr.igraal.com/#parrain=lovelove34"
"618661300210675713","","","2015-07-08 06:02:02 +0000","<a href=""http://twitter.com/download/android"" rel=""nofollow"">Twitter for Android</a>","Cr√®me de la Cr√®me : nouveau service √† la demande par SMS r√©alis√© par des √©tudiants... Moi C est fait üòä! http://t.co/w12twjabl7 @42born2code","","","","http://cremedelacreme.io/"
"616338751871188992","","","2015-07-01 20:13:04 +0000","<a href=""http://job.francesurf.net/"" rel=""nofollow"">la recherche d'emploi par km</a>","#Emploi : un portail avec des offres d'emploi g√©olocalis√©es http://t.co/Ms4lwha0NT","","","","http://job.francesurf.net"
"615388449709887488","","","2015-06-29 05:16:54 +0000","<a href=""http://twitter.com/download/android"" rel=""nofollow"">Twitter for Android</a>","RT @theliaecommerce: Build your ecommerce with Symfony - http://t.co/ZG8FMs1Gux http://t.co/3TAeWEuYZM","613339919952379905","194045463","2015-06-23 13:36:46 +0000","http://thelia.net,https://twitter.com/theliaecommerce/status/613339919952379905/photo/1,http://thelia.net,https://twitter.com/theliaecommerce/status/613339919952379905/photo/1"
"614184050450939904","","","2015-06-25 21:31:03 +0000","<a href=""http://twitter.com"" rel=""nofollow"">Twitter Web Client</a>","I'm learning design on @HackDesign ‚Äì a free, easy-to-follow design course for people who do amazing things. http://t.co/OGSx1O5Wlf","","","","http://hackdesign.org/courses?ref=twitter"
"613416537484054528","","","2015-06-23 18:41:13 +0000","<a href=""http://twitter.com/download/android"" rel=""nofollow"">Twitter for Android</a>","RT @SylvainKalache: @Kwame42 @gtnjuvin being classy #dockercon #dockerselfie cc @julienbarbier42 @42Krp http://t.co/UyC3lo7NBn","613408100133920768","3153611","2015-06-23 18:07:42 +0000","https://twitter.com/SylvainKalache/status/613408100133920768/photo/1,https://twitter.com/SylvainKalache/status/613408100133920768/photo/1"
"613398827635245056","","","2015-06-23 17:30:51 +0000","<a href=""http://job.francesurf.net/"" rel=""nofollow"">la recherche d'emploi par km</a>","Annonce CDI Montpellier: Responsable formation H/F - Montpellier
http://t.co/XCXcXUeDTQ via @MontpellierJobs","","","","http://www.francesurf.net/offre-emploi-responsable-formation-montpellier_6655656.htm"
"613307026551275521","","","2015-06-23 11:26:04 +0000","<a href=""http://twitter.com/download/android"" rel=""nofollow"">Twitter for Android</a>","Ebook Business Road Trip, direction la lev√©e de fonds http://t.co/z757JIHxiD via @myexperteam @1001_startups @bymaddyness","","","","http://www.businessroadtrip.com/giveaways/business-road-trip-la-levee-de-fonds/?lucky=276"
"608330791429513216","","","2015-06-09 17:52:17 +0000","<a href=""http://twitter.com"" rel=""nofollow"">Twitter Web Client</a>","love &lt;3  http://t.co/ikiqds4WIh","","","","http://www.cheatography.com/masonjo/cheat-sheets/bootstrap/#.VXcnrGICkO0.twitter"
"605362978620379138","605315839160659968","2471892335","2015-06-01 13:19:15 +0000","<a href=""http://twitter.com"" rel=""nofollow"">Twitter Web Client</a>","@dam_io @BeMyAppFR @42born2code @Yanonix Encore bravo pour votre id√©e et votre bonne humeur! :)","","","",""
"605292083793014785","","","2015-06-01 08:37:33 +0000","<a href=""http://twitter.com"" rel=""nofollow"">Twitter Web Client</a>","RT @_TheFamily: ‚ÄúSi vous ne g√™nez personne, c‚Äôest que votre succ√®s ne compte pas.‚Äù ‚Äî @daedalium http://t.co/owYhHOf03k","605262763464773632","856939650","2015-06-01 06:41:02 +0000","https://twitter.com/_TheFamily/status/605262763464773632/photo/1,https://twitter.com/_TheFamily/status/605262763464773632/photo/1"
"601434812520341504","","","2015-05-21 17:10:08 +0000","<a href=""http://job.francesurf.net/"" rel=""nofollow"">la recherche d'emploi par km</a>","Annonce CDI Montpellier: Chef de publicit√© senior H/F - MONTPELLIER
http://t.co/cPXWDMoZzs via @MontpellierJobs","","","","http://www.francesurf.net/offre-emploi-chef-de-publicite-senior-montpellier_6507399.htm"
"601395953787109376","","","2015-05-21 14:35:43 +0000","<a href=""http://twitter.com"" rel=""nofollow"">Twitter Web Client</a>","love and thxs https://t.co/w4qj2beNwT","","","","https://twitter.com/alexgoude/status/601276691416158208"
"601019853173063681","","","2015-05-20 13:41:14 +0000","<a href=""http://www.linkedin.com/"" rel=""nofollow"">LinkedIn</a>","9827DA31-A049-4C01-B744-D9AA1751324F.jpg https://t.co/9uQ1MvYs3i","","","","https://lnkd.in/dEy64Yb"
"582572366837997568","","","2015-03-30 15:57:30 +0000","<a href=""http://twitter.com"" rel=""nofollow"">Twitter Web Client</a>","#Montpellier #Karting #vitesse les nouveaux karts √† LOCKARTING c'est noel en avance! :)
https://t.co/KEpD0SlU6j http://t.co/tF3WZq5t4y","","","","https://www.google.fr/search?q=lockarting&oq=lockarting&aqs=chrome.1.69i60j69i59j0j69i60.5071j0j9&sourceid=chrome&es_sm=119&ie=UTF-8,https://twitter.com/taggaddaaaa/status/582572366837997568/photo/1"
"581409248925630464","","","2015-03-27 10:55:41 +0000","<a href=""http://twitter.com"" rel=""nofollow"">Twitter Web Client</a>","Download 100 iOS7 Vector Icons [Streamline Icons] - Free! http://t.co/gKJCT8l8H9","","","","http://bit.ly/1bn35Ae"
"581408441656307712","","","2015-03-27 10:52:29 +0000","<a href=""http://twitter.com"" rel=""nofollow"">Twitter Web Client</a>","Speed Design with Illustrator. 14 tips to create interfaces in minutes! http://t.co/tUNcZAnp9X","","","","http://www.designsprint.net/"
"581095413123538944","","","2015-03-26 14:08:37 +0000","<a href=""http://www.crowdfireapp.com"" rel=""nofollow"">Crowdfire - Go Big</a>","I'm following 192 users who aren't following me back. poor me!","","","",""
"581054414544326657","","","2015-03-26 11:25:42 +0000","<a href=""http://job.francesurf.net/"" rel=""nofollow"">la recherche d'emploi par km</a>","Annonce CDI Montpellier: (H/F) D√©veloppeur S√©nior PHP
http://t.co/g1FdNGXysE via @MontpellierJobs","","","","http://www.francesurf.net/offre-emploi-developpeur-senior-php_5946028.htm"
"580859269937041408","","","2015-03-25 22:30:16 +0000","<a href=""http://twitter.com"" rel=""nofollow"">Twitter Web Client</a>","RT @CodeSnipShare: A programmer. http://t.co/KBkW0VhG6d","460017441846726656","2307220260","2014-04-26 11:27:59 +0000","https://twitter.com/CodeSnipShare/status/460017441846726656/photo/1,https://twitter.com/CodeSnipShare/status/460017441846726656/photo/1"
"580627819732066304","","","2015-03-25 07:10:34 +0000","<a href=""http://twitter.com/download/android"" rel=""nofollow"">Twitter for Android</a>","Des bons plans pour de vrai sur le #refurb today? 8-)","","","",""
"579967012862058496","","","2015-03-23 11:24:45 +0000","<a href=""http://twitter.com"" rel=""nofollow"">Twitter Web Client</a>","Tumult Hype - The HTML5 animation builder for Mac OS X. http://t.co/Tu02D3aaBH via @hypeapp","","","","http://tumult.com/hype"
"577730216455438336","","","2015-03-17 07:16:31 +0000","<a href=""http://mobile.twitter.com"" rel=""nofollow"">Mobile Web</a>","Tu es le changement que tu vois dans le monde, car tu es le monde. via @jemecassefr http://t.co/GZddjBIAnv","","","","http://jemecasse.fr/2015/03/une-vie-sans-lundi-67-changer-le-monde-mode-demploi/"
"575214732644335616","","","2015-03-10 08:40:53 +0000","<a href=""http://twitter.com"" rel=""nofollow"">Twitter Web Client</a>","RT @MacGeneration: Visiblement, il y a un flot d'insulte sur le live. √áa fait Bip. #FreeLive http://t.co/2hH99VqdTp","575214216979816448","1085551","2015-03-10 08:38:50 +0000","http://LeKeynote.fr,http://LeKeynote.fr"
"548378891719811072","","","2014-12-26 07:24:50 +0000","<a href=""http://job.francesurf.net/"" rel=""nofollow"">la recherche d'emploi par km</a>","Annonce CDI Montpellier: Wings Team - Montpellier H/F
http://t.co/xdyGvfLFRx via @MontpellierJobs","","","","http://www.francesurf.net/offre-emploi-wings-team-montpellier_4579564.htm"
"545225317426548736","","2918064537","2014-12-17 14:33:40 +0000","<a href=""https://dev.twitter.com/docs/tfw"" rel=""nofollow"">Twitter for Websites</a>","@heoh_ je viens de decouvrir heoh sur simplon et d'apres moi c'est une maniere revolutionnaire d'inciter aux dons...  @Sampleo","","","",""
"545222652378378240","","256147983","2014-12-17 14:23:04 +0000","<a href=""https://dev.twitter.com/docs/tfw"" rel=""nofollow"">Twitter for Websites</a>","@holi_motion et leurs lampes bluetooth via @Sampleo","","","",""
"532506329366417408","","","2014-11-12 12:12:57 +0000","<a href=""http://twitter.com/download/android"" rel=""nofollow"">Twitter for Android</a>","Montpellier obtient le label french tech!! :)","","","",""
"532454194385788928","","","2014-11-12 08:45:47 +0000","<a href=""http://twitter.com/download/android"" rel=""nofollow"">Twitter for Android</a>","RT @pressecitron: Retour sur la troisi√®me √©dition de TEDxMontpellier http://t.co/KXpBM9yEq8","532429224183754752","6629022","2014-11-12 07:06:33 +0000","http://dlvr.it/7VBhcx,http://dlvr.it/7VBhcx"
"531792541109460992","","","2014-11-10 12:56:36 +0000","<a href=""http://twitter.com/download/android"" rel=""nofollow"">Twitter for Android</a>","RT @pressecitron: Le cofondateur de Pirate Bay sort de prison http://t.co/xeJreGbCcH","531781098699640832","6629022","2014-11-10 12:11:08 +0000","http://dlvr.it/7TCfB4,http://dlvr.it/7TCfB4"
"527460090673381376","","","2014-10-29 14:01:00 +0000","<a href=""http://job.francesurf.net/"" rel=""nofollow"">la recherche d'emploi par km</a>","Un portail pour trouver des sites pr√®s de chez soi http://t.co/q00ZHeHiQ4","","","","http://www.francesurf.net"
"526762459932401664","","","2014-10-27 15:48:51 +0000","<a href=""http://twitter.com/download/android"" rel=""nofollow"">Twitter for Android</a>","#OnePlus One will be available for pre-order on October 27! #NeverSettle #PreordertheOne http://t.co/K5jp2KCn6q","","","","http://bit.ly/OnePlusPreorder"
"523917843520565249","","","2014-10-19 19:25:22 +0000","<a href=""http://job.francesurf.net/"" rel=""nofollow"">la recherche d'emploi par km</a>","Portail pour trouver un job pr√®s de chez vous http://t.co/bYbM3DcZd7","","","","http://job.francesurf.net"
"520649481378082816","","","2014-10-10 18:58:04 +0000","<a href=""http://job.francesurf.net/"" rel=""nofollow"">la recherche d'emploi par km</a>","Annonce CDI Montpellier: D√©veloppeur web php/mysql/linux
http://t.co/F1FL562Azn via @MontpellierJobs","","","","http://www.francesurf.net/offre-emploi-developpeur-web-php-mysql-linux_4561416.htm"
"519536071340601344","","","2014-10-07 17:13:46 +0000","<a href=""http://twitter.com"" rel=""nofollow"">Twitter Web Client</a>","RT @SG_etvous: Annonce des 6 meilleures id√©es par le jury #SGconnectedHack @begeek @Hadr1en @cestpasmonidee http://t.co/AiwOwpBm2p","518136251682390016","263120380","2014-10-03 20:31:23 +0000","https://twitter.com/SG_etvous/status/518136251682390016/photo/1,https://twitter.com/SG_etvous/status/518136251682390016/photo/1"
"515913227956273152","","","2014-09-27 17:17:53 +0000","<a href=""https://dev.twitter.com/docs/tfw"" rel=""nofollow"">Twitter for Websites</a>","J-7 avant une manif g√©ante de la #ManifPourTous. Controns-les avec 100 000 voix pour l'√©galit√©: https://t.co/8eCftMnCCs","","","","https://www.allout.org/fr/actions/egalite-simplement"
"456099957632937984","456099602111152128","561110221","2014-04-15 16:01:18 +0000","<a href=""http://twitter.com/download/iphone"" rel=""nofollow"">Twitter for iPhone</a>","@ouigoSNCF oui √† partir de Lyon effectivement..! Je ne suis plus en col√®re mais j ai trouv√© √ßa inadmissible malgr√© tout.","","","",""
"456097042780422144","456095129540251648","561110221","2014-04-15 15:49:43 +0000","<a href=""http://twitter.com/download/iphone"" rel=""nofollow"">Twitter for iPhone</a>","@ouigoSNCF il y a des gens qui, par peine, se sont allong√© sur les tables de la voiture bar pour ne pas rester debout.","","","",""
"456096602579812352","456095983487959041","561110221","2014-04-15 15:47:58 +0000","<a href=""http://twitter.com/download/iphone"" rel=""nofollow"">Twitter for iPhone</a>","@ouigoSNCF @taggaddaaaa hier sur Mtp/Paris","","","",""
"456095833369632769","456095129540251648","561110221","2014-04-15 15:44:55 +0000","<a href=""http://twitter.com/download/iphone"" rel=""nofollow"">Twitter for iPhone</a>","@ouigoSNCF","","","",""
"456095830894977024","456095129540251648","561110221","2014-04-15 15:44:54 +0000","<a href=""http://twitter.com/download/iphone"" rel=""nofollow"">Twitter for iPhone</a>","@ouigoSNCF num 6294. Je sais mais vs vs √™tes fait pr√™ter une rame de TGV par la SNCF suite a une panne la veille sur votre train.","","","",""
"455720134125289472","","561110221","2014-04-14 14:52:01 +0000","<a href=""http://twitter.com/download/iphone"" rel=""nofollow"">Twitter for iPhone</a>","@ouigoSNCF une HONTE! 10‚Ç¨ pour voyager 4h debout!? Est ce pour cela que j'ai pay√©? il faut rien dire car pas cher? http://t.co/jzwoE3t4Os","","","","https://twitter.com/taggaddaaaa/status/455720134125289472/photo/1"
"455718507989442560","","","2014-04-14 14:45:33 +0000","<a href=""http://twitter.com/download/iphone"" rel=""nofollow"">Twitter for iPhone</a>","Ouigo: HONTE!! Le TGV est plein, les 514 voyageurs doivent trouver leur place sur 530 libres!!?  Vous comptez les strapontins? 4h debout/10‚Ç¨","","","",""
"446776307956064256","","","2014-03-20 22:32:27 +0000","<a href=""http://twitter.com/download/iphone"" rel=""nofollow"">Twitter for iPhone</a>","RT @lemondefr: La renaissance d'une rivi√®re en plein d√©sert isra√©lien http://t.co/JwoZSwBYQu","446315327605837824","24744541","2014-03-19 16:00:40 +0000","http://lemde.fr/1j6sz6P,http://lemde.fr/1j6sz6P"
"446774317989519360","","","2014-03-20 22:24:32 +0000","<a href=""http://twitter.com/download/iphone"" rel=""nofollow"">Twitter for iPhone</a>","RT @lemondefr: La carte des combats √©cologistes dans le monde http://t.co/qWqxkikpw6","446335073546039296","24744541","2014-03-19 17:19:08 +0000","http://lemde.fr/1j6ONpt,http://lemde.fr/1j6ONpt"
"446616960789667841","","","2014-03-20 11:59:15 +0000","<a href=""http://twitter.com/download/iphone"" rel=""nofollow"">Twitter for iPhone</a>","RT @JournalDuGeek: George R. R. Martin veut un #film #Game of Thrones http://t.co/BYfLVEDIY2","446592857085059072","16981026","2014-03-20 10:23:29 +0000","http://bit.ly/1gCgq64,http://bit.ly/1gCgq64"
"446615967729483776","","","2014-03-20 11:55:19 +0000","<a href=""http://twitter.com/download/iphone"" rel=""nofollow"">Twitter for iPhone</a>","RT @pressecitron: C‚Äôest officiel, Flappy Bird reviendra sur App Store http://t.co/BqkcQ0fdLO","446610760106786817","6629022","2014-03-20 11:34:37 +0000","http://goo.gl/fb/yI1Cw,http://goo.gl/fb/yI1Cw"
"443852923915612160","","","2014-03-12 20:55:58 +0000","<a href=""https://dev.twitter.com/docs/tfw"" rel=""nofollow"">Twitter for Websites</a>","Maison de village Gignac - Location meubl√©e √† Gignac http://t.co/TiJrrQ4taH","","","","http://www.morningcroissant.fr/appartement/maison-de-village-gignac-4420#.UyDJ1_YzGwM.twitter"
"443522735847657472","","","2014-03-11 23:03:55 +0000","<a href=""https://dev.twitter.com/docs/tfw"" rel=""nofollow"">Twitter for Websites</a>","Check¬†out¬†http://t.co/tYehJoNWir¬†@hellobragi http://t.co/26dXV6JB9J","","","","http://www.bragi.com,http://www.bragi.com/"
